skill,description
Python Programming,"A high-level, interpreted programming language known for its simplicity and versatility."
Java Programming,"A widely-used, class-based, object-oriented programming language."
Project Management,The process of leading a team to achieve specific project goals.
Data Analysis,"The process of inspecting, cleaning, transforming, and modeling data to discover useful information."
Machine Learning,A subset of artificial intelligence that allows systems to learn from data.
Public Speaking,The act of delivering a speech or presentation to an audience.
Digital Marketing,The use of digital channels to promote or market products and services.
Web Development,The process of building and maintaining websites.
Graphic Design,"The art of combining text and pictures in advertisements, magazines, or books."
Photography,"The art, application, and practice of creating durable images by recording light."
SEO (Search Engine Optimization),The process of improving the visibility of a website or web page in search engines.
Content Writing,"The creation of written material for websites, blogs, or other platforms."
Financial Analysis,"The process of evaluating businesses, projects, budgets, etc. to determine their performance and suitability."
Cybersecurity,"The practice of protecting systems, networks, and programs from digital attacks."
Database Management,"The use of software to manage data in a structured format, typically in a database system."
Sales Management,The process of developing and implementing sales strategies to drive revenue.
Customer Service,"The provision of assistance to customers before, during, and after purchasing products or services."
UX/UI Design,User experience and user interface design focus on optimizing the interaction between people and products.
Cloud Computing,"The delivery of computing services over the internet, such as storage and processing."
Artificial Intelligence,The simulation of human intelligence processes by machines.
Business Analysis,The practice of identifying business needs and finding technical solutions to business problems.
Video Editing,The process of editing and arranging video footage to create a finished product.
Social Media Management,Managing and creating content for social media platforms.
App Development,The process of creating software applications for mobile devices or computers.
Software Testing,The process of evaluating software to ensure it is free of defects and meets requirements.
Leadership,The ability to lead and motivate a team to achieve goals.
Data Visualization,The graphical representation of data and information to help understand complex patterns.
Artificial Neural Networks,A computational model inspired by the way biological neural networks in the brain process information.
Cloud Architecture,The design of IT infrastructure and services to operate on a cloud computing platform.
Linux Administration,The management and maintenance of Linux-based operating systems.
DevOps,A set of practices that combine software development and IT operations to shorten the system development life cycle.
Ethical Hacking,The practice of legally testing and evaluating computer systems to identify vulnerabilities.
Blockchain Development,The creation and implementation of blockchain technologies for secure and transparent transactions.
Agile Methodology,A project management framework that emphasizes collaboration and flexibility.
React.js,"A JavaScript library for building user interfaces, particularly for single-page applications."
Angular,A platform for building mobile and desktop web applications.
Database Design,The process of defining the structure and organization of data within a database.
Python Data Structures,"The study of different data structures in Python such as lists, dictionaries, and tuples."
Business Intelligence,"Technologies, applications, and practices for the collection, integration, analysis, and presentation of business data."
Networking,The practice of connecting computers and other devices to share data and resources.
Video Production,The process of creating video content from planning to final editing.
Negotiation,The process of reaching agreements through discussion and compromise.
Financial Modelling,The process of creating a mathematical representation of a company's financial performance.
Machine Vision,A technology that allows computers to interpret and understand visual data from the world.
Mobile App Design,The design of user interfaces and experiences for mobile applications.
Content Management Systems,"Software that helps users create, manage, and modify digital content."
Time Management,The ability to plan and exercise conscious control over the amount of time spent on specific activities.
SaaS Development,The process of developing software that is delivered as a service over the internet.
Python Web Development,"Building web applications using Python, including frameworks like Django and Flask."
Scrum Master,A leadership role in the Scrum framework that helps facilitate and manage the Scrum process.
Financial Planning,The process of defining financial goals and creating a strategy to achieve them.
React Native,A framework for building native mobile apps using React.
Automation,The technology by which a process or procedure is performed with minimal human intervention.
Content Strategy,"The planning, development, and management of content to achieve business objectives."
HR Management,The practice of managing employee relations and human resources policies.
Networking Security,Protecting the integrity of a network and its data by implementing various security measures.
Web Security,The protection of websites and web applications from cyber threats.
C++ Programming,A high-performance programming language commonly used for system and application software development.
iOS Development,The creation of mobile applications for Apple devices using languages like Swift or Objective-C.
JavaScript Frameworks,Pre-written JavaScript code used to simplify and speed up the development of web applications.
SQL,A programming language used for managing and querying data in relational databases.
E-commerce,The buying and selling of goods and services over the internet.
R Programming,A programming language and environment used for statistical computing and graphics.
SQL Server,A relational database management system developed by Microsoft.
JavaScript,A programming language commonly used to create interactive effects within web browsers.
Trello,A web-based project management application used for organizing tasks.
Docker,"A platform for developing, shipping, and running applications in containers."
Kubernetes,"An open-source system for automating the deployment, scaling, and management of containerized applications."
SEO Tools,Software tools used to improve website visibility and ranking on search engines.
Chatbot Development,The process of building automated conversational agents that interact with users.
Ruby Programming,"A dynamic, open-source programming language used for web development."
C# Programming,A programming language developed by Microsoft that is widely used for Windows applications.
Network Configuration,The process of configuring and setting up network devices to communicate effectively.
Business Process Modeling,The practice of representing the processes of an organization to analyze and improve them.
Web Analytics,The measurement and analysis of web traffic to help optimize web performance.
Continuous Integration,The practice of frequently integrating code changes into a shared repository.
Internet of Things (IoT),The interconnection of everyday objects to the internet for data exchange.
Blockchain Technology,A decentralized digital ledger used for recording transactions.
Android Development,The process of building applications for the Android operating system.
Unity Game Development,The development of video games using the Unity game engine.
3D Modeling,The process of creating a three-dimensional representation of an object or scene.
SAP,A suite of software applications used for enterprise resource planning.
Data Mining,The practice of analyzing large datasets to uncover patterns and trends.
Salesforce Development,The process of creating and customizing Salesforce applications for businesses.
Java EE,A platform for developing large-scale enterprise applications in Java.
DevSecOps,The integration of security practices into the DevOps workflow.
Business Continuity Planning,The process of creating a system of prevention and recovery from potential disruptions.
Agile Scrum,A project management framework that uses iterative development cycles to produce a working product.
SAP HANA,A high-performance in-memory database platform from SAP for real-time data processing.
AR/VR Development,The creation of augmented and virtual reality experiences and applications.
Ruby on Rails,A server-side web application framework written in Ruby.
Hadoop,An open-source framework for processing and storing large datasets.
Cryptocurrency,Digital or virtual currency using cryptography for security.
SAP BusinessObjects,"A suite of front-end applications that allow business users to view, sort, and analyze business data."
Java,A high-level programming language used for building applications.
Python,"A high-level, interpreted programming language known for its simplicity."
JavaScript,A programming language commonly used in web development.
Data Analysis,"The process of inspecting, cleaning, and modeling data to discover useful information."
Machine Learning,A branch of artificial intelligence focusing on building systems that learn from data.
Graphic Design,The art of creating visual content to communicate messages.
Digital Marketing,The use of online platforms to promote products and services.
Project Management,"The process of planning, organizing, and executing projects to achieve specific goals."
Leadership,The ability to guide and inspire a team towards achieving a common goal.
Public Speaking,The act of delivering a speech or presentation to an audience.
UI/UX Design,The process of designing user interfaces and enhancing user experience.
Cloud Computing,"The delivery of computing services like servers, storage, and databases over the internet."
SQL,A domain-specific language used to manage and query databases.
DevOps,A culture and set of practices that bring together software development and IT operations.
Cybersecurity,"The practice of protecting systems, networks, and programs from digital attacks."
Networking,The practice of connecting computers and devices to share resources.
3D Modeling,The process of creating three-dimensional representations of objects.
Content Writing,The practice of writing engaging and informative content for various platforms.
Public Relations,Managing the spread of information between an organization and the public.
Time Management,The process of planning and controlling how much time to spend on specific activities.
Negotiation,The process of reaching an agreement through discussion and compromise.
Entrepreneurship,The activity of starting and operating a business venture.
Accounting,The process of recording financial transactions and preparing financial statements.
Photography,The art of capturing images using a camera.
Video Editing,The process of manipulating video footage to create a final product.
SEO,The practice of optimizing a website to rank higher in search engine results.
SEO Copywriting,Writing content with a focus on ranking well in search engines.
Advertising,The practice of promoting products or services to a target audience.
E-commerce,The buying and selling of goods and services over the internet.
Sales,The activity of selling products or services to customers.
Customer Service,"Assisting customers with inquiries, complaints, or technical support."
Brand Management,The process of maintaining and improving the perception of a brand.
Event Planning,"The process of organizing events, including logistics, scheduling, and vendor management."
Video Production,"The creation of video content, from filming to editing and distribution."
AI,The simulation of human intelligence in machines.
Blockchain,A decentralized ledger technology used to record transactions across multiple computers.
Mobile App Development,The process of creating software applications for mobile devices.
Web Development,"The creation of websites and web applications using programming languages like HTML, CSS, and JavaScript."
Artificial Intelligence,The simulation of human intelligence in machines.
Natural Language Processing,A branch of AI that helps machines understand and interact with human language.
Data Visualization,The practice of representing data in visual forms like charts and graphs.
Big Data,Large volumes of data that can be analyzed to reveal patterns and trends.
Cloud Storage,Online storage services that allow users to store and access data from any device.
Embedded Systems,Specialized computing systems designed to perform specific tasks.
C++,A general-purpose programming language widely used in software development.
Agile Methodology,An iterative approach to software development that emphasizes flexibility and customer collaboration.
Scrum,A framework for managing and completing complex projects using an iterative process.
Teamwork,The ability to work effectively with others towards a common goal.
Data Science,A field that uses statistical techniques and algorithms to extract insights from data.
Ethical Hacking,The practice of testing systems for vulnerabilities to ensure security.
Salesforce,A customer relationship management (CRM) software used for managing sales and marketing.
Power BI,A business analytics tool used for visualizing data and sharing insights.
Tableau,A data visualization software used to create interactive and shareable dashboards.
R Programming,A programming language used for statistical computing and graphics.
Cyber Threat Intelligence,The process of gathering and analyzing information about potential cyber threats.
Cloud Security,The practice of protecting data and systems hosted on cloud platforms.
Virtual Reality,A simulated experience that can be similar to or completely different from the real world.
Augmented Reality,Technology that superimposes digital content onto the real world through devices.
IoT,"The network of physical devices connected to the internet, sharing data and information."
Quantum Computing,The use of quantum-mechanical phenomena to perform computations.
Software Testing,The process of evaluating software to ensure it meets required standards and functions correctly.
Robotic Process Automation,The use of software robots to automate repetitive tasks.
Enterprise Resource Planning,A suite of integrated applications used to manage business processes.
SAP,A software platform used for managing business operations and customer relations.
Linux,An open-source operating system based on UNIX.
Mac OS,An operating system designed by Apple for its range of computers.
Windows,An operating system developed by Microsoft used on personal computers and servers.
Docker,A platform that allows developers to package applications and their dependencies into containers.
Kubernetes,"An open-source platform for automating the deployment, scaling, and management of containerized applications."
CI/CD,"Continuous Integration and Continuous Delivery, practices used in software development to automate testing and deployment."
Ansible,An open-source automation platform for configuring and managing systems.
Terraform,An open-source infrastructure as code software tool for provisioning and managing cloud resources.
Jenkins,An open-source automation server used for continuous integration and continuous delivery.
GIT,A version control system used for tracking changes in source code.
Figma,A web-based interface design tool used for creating user interfaces and prototypes.
Sketch,A digital design tool used primarily for web and mobile app design.
Adobe Illustrator,A vector graphics editor used for creating illustrations and designs.
Adobe Photoshop,A graphic design software used for editing and manipulating images.
Premiere Pro,A professional video editing software by Adobe.
After Effects,A software used for creating motion graphics and visual effects.
Final Cut Pro,A professional video editing software for Mac OS.
Pro Tools,A software used for music production and audio editing.
Revit,"A software used for building information modeling (BIM) in architecture, engineering, and construction."
AutoCAD,A software used for drafting and designing in engineering and architecture.
SolidWorks,A CAD software used for product design and mechanical engineering.
SAP FICO,A module of SAP used for financial accounting and controlling.
QuickBooks,An accounting software used for small and medium-sized businesses.
Xero,A cloud-based accounting software for small businesses.
Trello,A project management tool used to organize tasks and projects in a visually intuitive way.
Asana,A task and project management software used to track work and collaborate with teams.
Basecamp,A project management tool that helps teams collaborate and manage work.
Slack,A messaging platform for team communication and collaboration.
Zoom,A video conferencing software that allows teams to meet remotely.
Google Meet,A video conferencing platform by Google for remote collaboration.
Microsoft Teams,"A collaboration tool that integrates workplace chat, meetings, and file sharing."
LinkedIn,A professional networking platform used for career development and business connections.
Twitter,A social media platform for sharing short messages and updates.
Facebook,A social media platform used for connecting with friends and sharing content.
Instagram,"A photo and video sharing platform, popular for social networking."
TikTok,"A video-sharing social media platform, popular for short-form videos."
YouTube,"A video-sharing platform where users can upload, watch, and share videos."
Pinterest,A visual discovery engine used for finding and sharing ideas.
Reddit,A social media platform for sharing content and discussions in various communities.
Medium,A platform for writers to publish and share articles.
